size,classic_matmul,strassen_matmul_single_thread,strassen_matmul
2,0.000001472,0.000001052,0.000000752
4,0.000000872,0.000011752,0.000006352
8,0.000009548,0.000038163,0.000051728
16,0.000016922,0.000264572,0.000244393
32,0.000061266,0.003184023,0.002410768
64,0.000125739,0.014068245,0.013418765
128,0.000545253,0.078470563,0.019572575
256,0.004051346,0.504102774,0.075040043
512,0.020010224,1.748581573,0.249691496
